iter	RMSE
0	5.254501162
1	4.971390944
2	4.727044742
3	4.505832759
4	4.313345877
5	4.151108097
6	4.008996823
7	3.880757098
8	3.770982526
9	3.671397123
10	3.587609372
11	3.52125503
12	3.452194501
13	3.396665028
14	3.33942673
15	3.293828734
16	3.252656872
17	3.22022921
18	3.19023649
19	3.156478496
20	3.127393641
21	3.112027808
22	3.094210016
23	3.075865825
24	3.052274417
25	3.033908251
26	3.02055467
27	3.008585317
28	2.999195211
29	2.988474463
30	2.97660983
31	2.968947199
32	2.960012559
